id,code,name,reconcile,user_type_id:id,chart_template_id:id
co_puc_22050501,22050501,Proveedores Nacionales,TRUE,account.data_account_type_payable,l10n_co_xphera_chart_template_generic
co_puc_22050502,22050502,Proveedores De Negocios Conjuntos,TRUE,account.data_account_type_payable,l10n_co_xphera_chart_template_generic
co_puc_23050501,23050501,Participacion En Negocios Conjuntos,TRUE,account.data_account_type_payable,l10n_co_xphera_chart_template_generic
co_puc_23359501,23359501,Otros Costos Y Gastos Por Pagar,TRUE,account.data_account_type_payable,l10n_co_xphera_chart_template_generic
co_puc_23359502,23359502,Otros Costos Y Gastos De Negocios Conjuntos,TRUE,account.data_account_type_payable,l10n_co_xphera_chart_template_generic
co_puc_12055605,12055605,Inversiones En Subsidiarias,FALSE,account.data_account_type_current_assets,l10n_co_xphera_chart_template_generic
co_puc_13351505,13351505,Para Contratos Directos,TRUE,account.data_account_type_current_assets,l10n_co_xphera_chart_template_generic
co_puc_13351510,13351510,Para Contratos En Negocios Conjuntos,TRUE,account.data_account_type_current_assets,l10n_co_xphera_chart_template_generic
co_puc_13455005,13455005,Ingresos Por Cobrar De Negocios Conjuntos,TRUE,account.data_account_type_current_assets,l10n_co_xphera_chart_template_generic
co_puc_13550505,13550505,Anticipo De Impuestos De Renta Y Complementarios,TRUE,account.data_account_type_current_assets,l10n_co_xphera_chart_template_generic
co_puc_14300504,14300504,Productos terminados,FALSE,account.data_account_type_current_assets,l10n_co_xphera_chart_template_generic
co_puc_14300505,14300505,Mercancía no facturada,FALSE,account.data_account_type_current_assets,l10n_co_xphera_chart_template_generic
co_puc_13551005,13551005,Anticipo De Impuestos De Industria Y Comercio,TRUE,account.data_account_type_current_assets,l10n_co_xphera_chart_template_generic
co_puc_13551501,13551501,Compras En General 3.5%,FALSE,account.data_account_type_current_assets,l10n_co_xphera_chart_template_generic
co_puc_13551502,13551502,Compras En General 2.5%,FALSE,account.data_account_type_current_assets,l10n_co_xphera_chart_template_generic
co_puc_13551503,13551503,Compras 1.5%,FALSE,account.data_account_type_current_assets,l10n_co_xphera_chart_template_generic
co_puc_13551504,13551504,Servicios 2%,FALSE,account.data_account_type_current_assets,l10n_co_xphera_chart_template_generic
co_puc_13551505,13551505,Servicios  4%,FALSE,account.data_account_type_current_assets,l10n_co_xphera_chart_template_generic
co_puc_13551506,13551506,Servicios 6%,FALSE,account.data_account_type_current_assets,l10n_co_xphera_chart_template_generic
co_puc_13551507,13551507,Transporte Carga  1%,FALSE,account.data_account_type_current_assets,l10n_co_xphera_chart_template_generic
co_puc_13551508,13551508,Transporte Pasajeros 3.5%,FALSE,account.data_account_type_current_assets,l10n_co_xphera_chart_template_generic
co_puc_13551509,13551509,Servicios Hosp. Y Restaurante 3.5%,FALSE,account.data_account_type_current_assets,l10n_co_xphera_chart_template_generic
co_puc_13551510,13551510,Honorarios 10,FALSE,account.data_account_type_current_assets,l10n_co_xphera_chart_template_generic
co_puc_13551511,13551511,Honoraraios 11,FALSE,account.data_account_type_current_assets,l10n_co_xphera_chart_template_generic
co_puc_13551512,13551512,Arrendamiento Inmuebles 3.5%,FALSE,account.data_account_type_current_assets,l10n_co_xphera_chart_template_generic
co_puc_13551513,13551513,Arrendamiento Bienes Muebles 4%,FALSE,account.data_account_type_current_assets,l10n_co_xphera_chart_template_generic
co_puc_13551514,13551514,Rendimientos Financieros (Intereses),FALSE,account.data_account_type_current_assets,l10n_co_xphera_chart_template_generic
co_puc_13551515,13551515,Enajenación  Activos Fijos,FALSE,account.data_account_type_current_assets,l10n_co_xphera_chart_template_generic
co_puc_13551520,13551520,Reteciones Asumidas,FALSE,account.data_account_type_current_assets,l10n_co_xphera_chart_template_generic
co_puc_13551530,13551530,Retencion En La Fte De Negocios Conjuntos,FALSE,account.data_account_type_current_assets,l10n_co_xphera_chart_template_generic
co_puc_13551705,13551705,Impuesto A Las Ventas Retenido,FALSE,account.data_account_type_current_assets,l10n_co_xphera_chart_template_generic
co_puc_13551710,13551710,Iva Retenido De Negocios Conjuntos,FALSE,account.data_account_type_current_assets,l10n_co_xphera_chart_template_generic
co_puc_13551805,13551805,Reteica En Ventas,FALSE,account.data_account_type_current_assets,l10n_co_xphera_chart_template_generic
co_puc_13551810,13551810,Reteica De Negocios Conjuntos,FALSE,account.data_account_type_current_assets,l10n_co_xphera_chart_template_generic
co_puc_13653001,13653001,Responsabilidades,TRUE,account.data_account_type_current_assets,l10n_co_xphera_chart_template_generic
co_puc_13655005,13655005,De Negocios Conjuntos,TRUE,account.data_account_type_current_assets,l10n_co_xphera_chart_template_generic
co_puc_13700505,13700505,Con Garantia Real ,FALSE,account.data_account_type_current_assets,l10n_co_xphera_chart_template_generic
co_puc_13701005,13701005,Con Garantia Personal ,FALSE,account.data_account_type_current_assets,l10n_co_xphera_chart_template_generic
co_puc_13701501,13701501,Otros Prestamos,FALSE,account.data_account_type_current_assets,l10n_co_xphera_chart_template_generic
co_puc_13805005,13805005,De Negocios Conjuntos,FALSE,account.data_account_type_current_assets,l10n_co_xphera_chart_template_generic
co_puc_13809501,13809501,Otros Deudores,FALSE,account.data_account_type_current_assets,l10n_co_xphera_chart_template_generic
co_puc_1405050501,1405050501,Materia Prima Gravada,FALSE,account.data_account_type_current_assets,l10n_co_xphera_chart_template_generic
co_puc_1405050502,1405050502,Materia Prima Exenta,FALSE,account.data_account_type_current_assets,l10n_co_xphera_chart_template_generic
co_puc_14050510,14050510,Inventarios En Negocios Conjuntos,FALSE,account.data_account_type_current_assets,l10n_co_xphera_chart_template_generic
co_puc_14100505,14100505,Inventario Productos En Proceso,FALSE,account.data_account_type_current_assets,l10n_co_xphera_chart_template_generic
co_puc_14100510,14100510,Productos De Negocios Conjuntos,FALSE,account.data_account_type_current_assets,l10n_co_xphera_chart_template_generic
co_puc_14300501,14300501,Desayuno,FALSE,account.data_account_type_current_assets,l10n_co_xphera_chart_template_generic
co_puc_14300502,14300502,Almuerzo,FALSE,account.data_account_type_current_assets,l10n_co_xphera_chart_template_generic
co_puc_14300503,14300503,Cena,FALSE,account.data_account_type_current_assets,l10n_co_xphera_chart_template_generic
co_puc_14300515,14300515,Productos De Negocios Conjuntos,FALSE,account.data_account_type_current_assets,l10n_co_xphera_chart_template_generic
co_puc_14350505,14350505,Productos No Fabricados,FALSE,account.data_account_type_current_assets,l10n_co_xphera_chart_template_generic
co_puc_14350510,14350510,Mercancias De Negocios Conjuntos,FALSE,account.data_account_type_current_assets,l10n_co_xphera_chart_template_generic
co_puc_14552501,14552501,Elementos De Aseo Y Cafeteria,FALSE,account.data_account_type_current_assets,l10n_co_xphera_chart_template_generic
co_puc_14600505,14600505,Envases Y Empaques,FALSE,account.data_account_type_current_assets,l10n_co_xphera_chart_template_generic
co_puc_14600510,14600510,Envases Y Empaques De Negocios Conjuntos,FALSE,account.data_account_type_current_assets,l10n_co_xphera_chart_template_generic
co_puc_14990501,14990501,Para Obsolescencia ,FALSE,account.data_account_type_current_assets,l10n_co_xphera_chart_template_generic
co_puc_14991001,14991001,Para Diferencia De Inventario Fisico ,FALSE,account.data_account_type_current_assets,l10n_co_xphera_chart_template_generic
co_puc_14991501,14991501,Para Perdidas De Inventarios ,FALSE,account.data_account_type_current_assets,l10n_co_xphera_chart_template_generic
co_puc_14993001,14993001,Provision De Negocios Conjuntos,FALSE,account.data_account_type_current_assets,l10n_co_xphera_chart_template_generic
co_puc_16350501,16350501,Software Contable,FALSE,account.data_account_type_current_assets,l10n_co_xphera_chart_template_generic
co_puc_15040501,15040501,Predio 1,FALSE,account.data_account_type_fixed_assets,l10n_co_xphera_chart_template_generic
co_puc_15041001,15041001,Predio 1,FALSE,account.data_account_type_fixed_assets,l10n_co_xphera_chart_template_generic
co_puc_15049805,15049805,Ajuste Costo Atribuido Niif Terrenos,FALSE,account.data_account_type_fixed_assets,l10n_co_xphera_chart_template_generic
co_puc_15160501,15160501,Inmueble 1,FALSE,account.data_account_type_fixed_assets,l10n_co_xphera_chart_template_generic
co_puc_15169805,15169805,Ajustes Costo Atruibo Niif Edificaciones,FALSE,account.data_account_type_fixed_assets,l10n_co_xphera_chart_template_generic
co_puc_15200505,15200505,Maquinaria Y Equipo ,FALSE,account.data_account_type_fixed_assets,l10n_co_xphera_chart_template_generic
co_puc_1520051001,1520051001,Maquina 1,FALSE,account.data_account_type_fixed_assets,l10n_co_xphera_chart_template_generic
co_puc_15240501,15240501,Mobiliario Oficina 1,FALSE,account.data_account_type_fixed_assets,l10n_co_xphera_chart_template_generic
co_puc_15241001,15241001,Equipo 1,FALSE,account.data_account_type_fixed_assets,l10n_co_xphera_chart_template_generic
co_puc_15280505,15280505,"Equipos De Computo, Servidores E Impresoras",FALSE,account.data_account_type_fixed_assets,l10n_co_xphera_chart_template_generic
co_puc_15281005,15281005,Equipos De Comunicacion,FALSE,account.data_account_type_fixed_assets,l10n_co_xphera_chart_template_generic
co_puc_15361501,15361501,Equipo 1,FALSE,account.data_account_type_fixed_assets,l10n_co_xphera_chart_template_generic
co_puc_15400501,15400501,Vehiculo 1,FALSE,account.data_account_type_fixed_assets,l10n_co_xphera_chart_template_generic
co_puc_15400801,15400801,Vehiculo 1,FALSE,account.data_account_type_fixed_assets,l10n_co_xphera_chart_template_generic
co_puc_15600101,15600101,Armamento De Vigilancia,FALSE,account.data_account_type_fixed_assets,l10n_co_xphera_chart_template_generic
co_puc_15920501,15920501,Inmueble 1,FALSE,account.data_account_type_fixed_assets,l10n_co_xphera_chart_template_generic
co_puc_15921001,15921001,Maquina 1,FALSE,account.data_account_type_fixed_assets,l10n_co_xphera_chart_template_generic
co_puc_15921501,15921501,Mobiliario Oficina 1,FALSE,account.data_account_type_fixed_assets,l10n_co_xphera_chart_template_generic
co_puc_15922001,15922001,Euipos Procesamiento De Datos,FALSE,account.data_account_type_fixed_assets,l10n_co_xphera_chart_template_generic
co_puc_15922002,15922002,Equipos De Comunicacion,FALSE,account.data_account_type_fixed_assets,l10n_co_xphera_chart_template_generic
co_puc_15923001,15923001,Equipo 1,FALSE,account.data_account_type_fixed_assets,l10n_co_xphera_chart_template_generic
co_puc_15923501,15923501,Vehiculo 1,FALSE,account.data_account_type_fixed_assets,l10n_co_xphera_chart_template_generic
co_puc_15926001,15926001,Armamento Y Vigilancia,FALSE,account.data_account_type_fixed_assets,l10n_co_xphera_chart_template_generic
co_puc_15929005,15929005,Dep Construciones Ajuste Niif,FALSE,account.data_account_type_fixed_assets,l10n_co_xphera_chart_template_generic
co_puc_15929035,15929035,Dep Equipo Transporte Ajuste Niif,FALSE,account.data_account_type_fixed_assets,l10n_co_xphera_chart_template_generic
co_puc_11050505,11050505,Caja General ,FALSE,account.data_account_type_liquidity,l10n_co_xphera_chart_template_generic
co_puc_11050510,11050510,Caja General Negocios Conjuntos,FALSE,account.data_account_type_liquidity,l10n_co_xphera_chart_template_generic
co_puc_11051001,11051001,Caja 1,FALSE,account.data_account_type_liquidity,l10n_co_xphera_chart_template_generic
co_puc_1110051001,1110051001,Bancos Moneda Nal. Negocios Conjuntos,FALSE,account.data_account_type_liquidity,l10n_co_xphera_chart_template_generic
co_puc_1120050501,1120050501,Banco 1,FALSE,account.data_account_type_liquidity,l10n_co_xphera_chart_template_generic
co_puc_1120051001,1120051001,Ctas De Ahorro Negocios Conjuntos,FALSE,account.data_account_type_liquidity,l10n_co_xphera_chart_template_generic
co_puc_51050601,51050601,Sueldos,FALSE,account.data_account_type_expenses,l10n_co_xphera_chart_template_generic
co_puc_51050630,51050630,Sueldos En Negocios Conjuntos,FALSE,account.data_account_type_expenses,l10n_co_xphera_chart_template_generic
co_puc_51051501,51051501,Horas Extras Y Recargos ,FALSE,account.data_account_type_expenses,l10n_co_xphera_chart_template_generic
co_puc_51051530,51051530,Horas Extras Y Recargos En Negocios Conjuntos,FALSE,account.data_account_type_expenses,l10n_co_xphera_chart_template_generic
co_puc_51052101,51052101,Viaticos,FALSE,account.data_account_type_expenses,l10n_co_xphera_chart_template_generic
co_puc_51052130,51052130,Viaticos En Negocios Conjuntos,FALSE,account.data_account_type_expenses,l10n_co_xphera_chart_template_generic
co_puc_51052401,51052401,Incapacidades,FALSE,account.data_account_type_expenses,l10n_co_xphera_chart_template_generic
co_puc_51052430,51052430,Incapacidades En Negocios Conjuntos,FALSE,account.data_account_type_expenses,l10n_co_xphera_chart_template_generic
co_puc_51052701,51052701,Auxilio De Transporte ,FALSE,account.data_account_type_expenses,l10n_co_xphera_chart_template_generic
co_puc_51052730,51052730,Auxilio De Transporte En Negocios Conjuntos,FALSE,account.data_account_type_expenses,l10n_co_xphera_chart_template_generic
co_puc_51053001,51053001,Cesantias ,FALSE,account.data_account_type_expenses,l10n_co_xphera_chart_template_generic
co_puc_51053030,51053030,Cesantias En Negocios Conjuntos ,FALSE,account.data_account_type_expenses,l10n_co_xphera_chart_template_generic
co_puc_51053301,51053301,Intereses Sobre Cesantias ,FALSE,account.data_account_type_expenses,l10n_co_xphera_chart_template_generic
co_puc_51053330,51053330,Intereses/Cesantias En Negocios Conjuntos ,FALSE,account.data_account_type_expenses,l10n_co_xphera_chart_template_generic
co_puc_51053601,51053601,Prima De Servicios ,FALSE,account.data_account_type_expenses,l10n_co_xphera_chart_template_generic
co_puc_51053630,51053630,Prima De Servicios En Negocios Conjuntos ,FALSE,account.data_account_type_expenses,l10n_co_xphera_chart_template_generic
co_puc_51053901,51053901,Vacaciones ,FALSE,account.data_account_type_expenses,l10n_co_xphera_chart_template_generic
co_puc_51053930,51053930,Vacaciones En Negocios Conjuntos ,FALSE,account.data_account_type_expenses,l10n_co_xphera_chart_template_generic
co_puc_51056901,51056901,Aportes A E.P.S,FALSE,account.data_account_type_expenses,l10n_co_xphera_chart_template_generic
co_puc_51056930,51056930,Aportes A E.P.S En Negocios Conjuntos ,FALSE,account.data_account_type_expenses,l10n_co_xphera_chart_template_generic
co_puc_51057001,51057001,Aportes A Fondos De Pensiones Y/O Cesantias,FALSE,account.data_account_type_expenses,l10n_co_xphera_chart_template_generic
co_puc_51057030,51057030,Aportes A Fondos De Pensiones En Negocios Conjuntos ,FALSE,account.data_account_type_expenses,l10n_co_xphera_chart_template_generic
co_puc_51057201,51057201,Aportes Cajas De Compensacion Familiar,FALSE,account.data_account_type_expenses,l10n_co_xphera_chart_template_generic
co_puc_51057030,51057030,Aportes Cajas De Negocios Conjuntos,FALSE,account.data_account_type_expenses,l10n_co_xphera_chart_template_generic
co_puc_51057501,51057501,Aportes I.C.B.F.,FALSE,account.data_account_type_expenses,l10n_co_xphera_chart_template_generic
co_puc_51057530,51057530,Aportes I.C.B.F. En Negocios Conjuntos,FALSE,account.data_account_type_expenses,l10n_co_xphera_chart_template_generic
co_puc_51057801,51057801,Sena,FALSE,account.data_account_type_expenses,l10n_co_xphera_chart_template_generic
co_puc_51057830,51057830,Sena En Negocios Conjuntos,FALSE,account.data_account_type_expenses,l10n_co_xphera_chart_template_generic
co_puc_51058401,51058401,Gastos Medicos Y Drogas,FALSE,account.data_account_type_expenses,l10n_co_xphera_chart_template_generic
co_puc_51058430,51058430,Gastos Medicos Y Drogas En Negocios Conjuntos,FALSE,account.data_account_type_expenses,l10n_co_xphera_chart_template_generic
co_puc_51102501,51102501,Asesoria Juridica,FALSE,account.data_account_type_expenses,l10n_co_xphera_chart_template_generic
co_puc_51103501,51103501,Asesoria Tecnica,FALSE,account.data_account_type_expenses,l10n_co_xphera_chart_template_generic
co_puc_51104001,51104001,Honorarios De Negocios Conjuntos,FALSE,account.data_account_type_expenses,l10n_co_xphera_chart_template_generic
co_puc_51109501,51109501,Otros,FALSE,account.data_account_type_expenses,l10n_co_xphera_chart_template_generic
co_puc_51150501,51150501,Industria Y Comercio,FALSE,account.data_account_type_expenses,l10n_co_xphera_chart_template_generic
co_puc_51150530,51150530,Industria Y Comercio De Negocios Conjuntos,FALSE,account.data_account_type_expenses,l10n_co_xphera_chart_template_generic
co_puc_51151501,51151501,Impuesto Predial,FALSE,account.data_account_type_expenses,l10n_co_xphera_chart_template_generic
co_puc_51154001,51154001,De Vehiculos ,FALSE,account.data_account_type_expenses,l10n_co_xphera_chart_template_generic
co_puc_51155501,51155501,Gravamen Movimientos Financieros,FALSE,account.data_account_type_expenses,l10n_co_xphera_chart_template_generic
co_puc_51155530,51155530,Gmf De Negocios Conjuntos,FALSE,account.data_account_type_expenses,l10n_co_xphera_chart_template_generic
co_puc_51159501,51159501,Estampillas,FALSE,account.data_account_type_expenses,l10n_co_xphera_chart_template_generic
co_puc_51159502,51159502,Tasa Bomberil,FALSE,account.data_account_type_expenses,l10n_co_xphera_chart_template_generic
co_puc_51159503,51159503,Otros Impuestos- 8% Impoconsumo,FALSE,account.data_account_type_expenses,l10n_co_xphera_chart_template_generic
co_puc_51159530,51159530,Otros Impuestos De Negocios Conjuntos,FALSE,account.data_account_type_expenses,l10n_co_xphera_chart_template_generic
co_puc_51201001,51201001,Construcciones Y Edificaciones,FALSE,account.data_account_type_expenses,l10n_co_xphera_chart_template_generic
co_puc_51204001,51204001,Arrendamiento Vehiculos,FALSE,account.data_account_type_expenses,l10n_co_xphera_chart_template_generic
co_puc_51207501,51207501,Arrendamientos En Negocios Conjuntos,FALSE,account.data_account_type_expenses,l10n_co_xphera_chart_template_generic
co_puc_51301005,51301005,Cumplimiento ,FALSE,account.data_account_type_expenses,l10n_co_xphera_chart_template_generic
co_puc_51301330,51301330,Cumplimiento En Negocios Conjuntos,FALSE,account.data_account_type_expenses,l10n_co_xphera_chart_template_generic
co_puc_51302501,51302501,Incendio,FALSE,account.data_account_type_expenses,l10n_co_xphera_chart_template_generic
co_puc_51304001,51304001,Flota Y Equipo De Transporte ,FALSE,account.data_account_type_expenses,l10n_co_xphera_chart_template_generic
co_puc_51306001,51306001,Responsabilidad Civil Y Extracontractual ,FALSE,account.data_account_type_expenses,l10n_co_xphera_chart_template_generic
co_puc_51306330,51306330,Resp. Civil Y Extracontractual  En Negocios Conjuntos,FALSE,account.data_account_type_expenses,l10n_co_xphera_chart_template_generic
co_puc_51307501,51307501,Obligatorio Accidente De Transito ,FALSE,account.data_account_type_expenses,l10n_co_xphera_chart_template_generic
co_puc_51308530,51308530,Seguros-Operaciones En Negocios Conjuntos,FALSE,account.data_account_type_expenses,l10n_co_xphera_chart_template_generic
co_puc_51309501,51309501,Otros Seguros,FALSE,account.data_account_type_expenses,l10n_co_xphera_chart_template_generic
co_puc_51350501,51350501,Aseo Y Vigilancia ,FALSE,account.data_account_type_expenses,l10n_co_xphera_chart_template_generic
co_puc_51351001,51351001,Temporales ,FALSE,account.data_account_type_expenses,l10n_co_xphera_chart_template_generic
co_puc_51351501,51351501,Asistencia Tecnica ,FALSE,account.data_account_type_expenses,l10n_co_xphera_chart_template_generic
co_puc_51352001,51352001,Procesamiento Electronico De Datos ,FALSE,account.data_account_type_expenses,l10n_co_xphera_chart_template_generic
co_puc_51352501,51352501,Acueducto Y Alcantarillado ,FALSE,account.data_account_type_expenses,l10n_co_xphera_chart_template_generic
co_puc_51353001,51353001,Energia Electrica ,FALSE,account.data_account_type_expenses,l10n_co_xphera_chart_template_generic
co_puc_51353501,51353501,Telefono ,FALSE,account.data_account_type_expenses,l10n_co_xphera_chart_template_generic
co_puc_51354001,51354001,"Correo, Portes Y Telegramas ",FALSE,account.data_account_type_expenses,l10n_co_xphera_chart_template_generic
co_puc_51354501,51354501,Fax Y Telex ,FALSE,account.data_account_type_expenses,l10n_co_xphera_chart_template_generic
co_puc_51355001,51355001,"Transporte, Fletes Y Acarreos ",FALSE,account.data_account_type_expenses,l10n_co_xphera_chart_template_generic
co_puc_51355501,51355501,Gas ,FALSE,account.data_account_type_expenses,l10n_co_xphera_chart_template_generic
co_puc_51357030,51357030,Servicios En Negocios Conjuntos,FALSE,account.data_account_type_expenses,l10n_co_xphera_chart_template_generic
co_puc_51359501,51359501,Otros ,FALSE,account.data_account_type_expenses,l10n_co_xphera_chart_template_generic
co_puc_51400501,51400501,Notariales ,FALSE,account.data_account_type_expenses,l10n_co_xphera_chart_template_generic
co_puc_51401001,51401001,Registro Mercantil ,FALSE,account.data_account_type_expenses,l10n_co_xphera_chart_template_generic
co_puc_51401501,51401501,Tramites Y Licencias ,FALSE,account.data_account_type_expenses,l10n_co_xphera_chart_template_generic
co_puc_51403530,51403530,Gastos Legales En Negocios Conjuntos,FALSE,account.data_account_type_expenses,l10n_co_xphera_chart_template_generic
co_puc_51409501,51409501,Otros,FALSE,account.data_account_type_expenses,l10n_co_xphera_chart_template_generic
co_puc_51451001,51451001,Construcciones Y Edificaciones,FALSE,account.data_account_type_expenses,l10n_co_xphera_chart_template_generic
co_puc_51451501,51451501,Maquina Y Equipo,FALSE,account.data_account_type_expenses,l10n_co_xphera_chart_template_generic
co_puc_51452001,51452001,Equipo De Oficina ,FALSE,account.data_account_type_expenses,l10n_co_xphera_chart_template_generic
co_puc_51452501,51452501,Equipo De Computación Y Comunicación,FALSE,account.data_account_type_expenses,l10n_co_xphera_chart_template_generic
co_puc_51453501,51453501,Equipo De Hoteles Y Restaurantes ,FALSE,account.data_account_type_expenses,l10n_co_xphera_chart_template_generic
co_puc_51454001,51454001,Flota Y Equipo De Transporte,FALSE,account.data_account_type_expenses,l10n_co_xphera_chart_template_generic
co_puc_51458030,51458030,Mantenimiento Y Reparaciones En Negocios Conjuntos,FALSE,account.data_account_type_expenses,l10n_co_xphera_chart_template_generic
co_puc_51500501,51500501,Instalaciones Electricas,FALSE,account.data_account_type_expenses,l10n_co_xphera_chart_template_generic
co_puc_51501001,51501001,Arreglos Ornamentales ,FALSE,account.data_account_type_expenses,l10n_co_xphera_chart_template_generic
co_puc_51501501,51501501,Reparaciones Locativas ,FALSE,account.data_account_type_expenses,l10n_co_xphera_chart_template_generic
co_puc_51502001,51502001,Adecuaciones Oficina ,FALSE,account.data_account_type_expenses,l10n_co_xphera_chart_template_generic
co_puc_51503030,51503030,Adecuacion E Instalacion En Negocios Conjuntoa,FALSE,account.data_account_type_expenses,l10n_co_xphera_chart_template_generic
co_puc_51550501,51550501,Alojamiento Y Manutención ,FALSE,account.data_account_type_expenses,l10n_co_xphera_chart_template_generic
co_puc_51551501,51551501,Pasajes Aereos ,FALSE,account.data_account_type_expenses,l10n_co_xphera_chart_template_generic
co_puc_51552001,51552001,Pasajes Terrestres ,FALSE,account.data_account_type_expenses,l10n_co_xphera_chart_template_generic
co_puc_51553001,51553001,Viaticos En General ,FALSE,account.data_account_type_expenses,l10n_co_xphera_chart_template_generic
co_puc_51553530,51553530,Gastos De Viaje En Negocios Conjuntos,FALSE,account.data_account_type_expenses,l10n_co_xphera_chart_template_generic
co_puc_51600501,51600501,Construcciones Y Edificaciones,FALSE,account.data_account_type_expenses,l10n_co_xphera_chart_template_generic
co_puc_51601001,51601001,Maquina Y Equipo,FALSE,account.data_account_type_expenses,l10n_co_xphera_chart_template_generic
co_puc_51601501,51601501,Equipo De Oficina  ,FALSE,account.data_account_type_expenses,l10n_co_xphera_chart_template_generic
co_puc_51602001,51602001,Ewuipo De Computación Y Comunicación ,FALSE,account.data_account_type_expenses,l10n_co_xphera_chart_template_generic
co_puc_51603001,51603001,Equipo De Hoteles Y Restaurantes ,FALSE,account.data_account_type_expenses,l10n_co_xphera_chart_template_generic
co_puc_51603501,51603501,Flota Y Equipo De Transporte,FALSE,account.data_account_type_expenses,l10n_co_xphera_chart_template_generic
co_puc_51606001,51606001,Armamento De Vigilancia ,FALSE,account.data_account_type_expenses,l10n_co_xphera_chart_template_generic
co_puc_51609701,51609701,Ajustes Niif Depreciacion Equipo De Transportes,FALSE,account.data_account_type_expenses,l10n_co_xphera_chart_template_generic
co_puc_51609801,51609801,Ajustes Niif Depreciacion Edificaciones,FALSE,account.data_account_type_expenses,l10n_co_xphera_chart_template_generic
co_puc_51651001,51651001,Amortizacion Sofware,FALSE,account.data_account_type_expenses,l10n_co_xphera_chart_template_generic
co_puc_51951001,51951001,"Libros, Suscripciones, Periodicos Y Revistas ",FALSE,account.data_account_type_expenses,l10n_co_xphera_chart_template_generic
co_puc_51952001,51952001,Gastos De Representación Y Relaciones Publicas,FALSE,account.data_account_type_expenses,l10n_co_xphera_chart_template_generic
co_puc_51952501,51952501,Elementos De Aseo Y Cafeteria ,FALSE,account.data_account_type_expenses,l10n_co_xphera_chart_template_generic
co_puc_51953001,51953001,"Utiles,Papeleria Y Fotocopias",FALSE,account.data_account_type_expenses,l10n_co_xphera_chart_template_generic
co_puc_51953501,51953501,Combustibles Y Lubricantes  ,FALSE,account.data_account_type_expenses,l10n_co_xphera_chart_template_generic
co_puc_51954501,51954501,Taxis Y Buses ,FALSE,account.data_account_type_expenses,l10n_co_xphera_chart_template_generic
co_puc_51955001,51955001,Estampillas ,FALSE,account.data_account_type_expenses,l10n_co_xphera_chart_template_generic
co_puc_51956001,51956001,Casino Y Restaurante ,FALSE,account.data_account_type_expenses,l10n_co_xphera_chart_template_generic
co_puc_51959501,51959501,Otros,FALSE,account.data_account_type_expenses,l10n_co_xphera_chart_template_generic
co_puc_51959830,51959830,Gastos Diversos En Negocios Conjuntos,FALSE,account.data_account_type_expenses,l10n_co_xphera_chart_template_generic
co_puc_53050501,53050501,Gastos Bancarios  ,FALSE,account.data_account_type_expenses,l10n_co_xphera_chart_template_generic
co_puc_53050630,53050630,Gastos Bancarios De Negocios Conjuntos ,FALSE,account.data_account_type_expenses,l10n_co_xphera_chart_template_generic
co_puc_53051501,53051501,Comisiones E Iva,FALSE,account.data_account_type_expenses,l10n_co_xphera_chart_template_generic
co_puc_53051830,53051830,Comisiones E Iva De Negocios Conjuntos,FALSE,account.data_account_type_expenses,l10n_co_xphera_chart_template_generic
co_puc_53052005,53052005,Intereses Bancarios,FALSE,account.data_account_type_expenses,l10n_co_xphera_chart_template_generic
co_puc_53052010,53052010,Intereses Terceros,FALSE,account.data_account_type_expenses,l10n_co_xphera_chart_template_generic
co_puc_53052330,53052330,Intereses De Negocios Conjuntos,FALSE,account.data_account_type_expenses,l10n_co_xphera_chart_template_generic
co_puc_53055030,53055030,Financieros En Negocios Conjuntos,FALSE,account.data_account_type_expenses,l10n_co_xphera_chart_template_generic
co_puc_53152001,53152001,Impuestos Asumidos  ,FALSE,account.data_account_type_expenses,l10n_co_xphera_chart_template_generic
co_puc_53152530,53152530,Imp. Asumidos De Negocios Cojuntos,FALSE,account.data_account_type_expenses,l10n_co_xphera_chart_template_generic
co_puc_53500501,53500501,Gastos Y Compras Personales,FALSE,account.data_account_type_expenses,l10n_co_xphera_chart_template_generic
co_puc_53500502,53500502,Iva En Gastos Y Compras Personales,FALSE,account.data_account_type_expenses,l10n_co_xphera_chart_template_generic
co_puc_53503001,53503001,Gastos No Deducible En Negocios Conjuntos,FALSE,account.data_account_type_expenses,l10n_co_xphera_chart_template_generic
co_puc_53959501,53959501,Otros,FALSE,account.data_account_type_expenses,l10n_co_xphera_chart_template_generic
co_puc_53959730,53959730,Gastos Diversos De Negocios Conjuntos,FALSE,account.data_account_type_expenses,l10n_co_xphera_chart_template_generic
co_puc_61359501,61359501,Venta De Otros Productos ,FALSE,account.data_account_type_expenses,l10n_co_xphera_chart_template_generic
co_puc_61800501,61800501,Cierre De Cuenta 62 Inv. Periodico,FALSE,account.data_account_type_expenses,l10n_co_xphera_chart_template_generic
co_puc_62050501,62050501,Productos E Insumos,FALSE,account.data_account_type_expenses,l10n_co_xphera_chart_template_generic
co_puc_62053501,62053501,Mercancias En General,FALSE,account.data_account_type_expenses,l10n_co_xphera_chart_template_generic
co_puc_62054001,62054001,Productos Y Materiales Fincas,FALSE,account.data_account_type_expenses,l10n_co_xphera_chart_template_generic
co_puc_62053530,62053530,Mercancias En General Negocios Conjuntos,FALSE,account.data_account_type_expenses,l10n_co_xphera_chart_template_generic
co_puc_62100501,62100501,Materias Primas Servicio De Alimentacion,FALSE,account.data_account_type_expenses,l10n_co_xphera_chart_template_generic
co_puc_62101030,62101030,Mat.Primas Servicio De Alimentacion En Negocios Conjuntos,FALSE,account.data_account_type_expenses,l10n_co_xphera_chart_template_generic
co_puc_62150501,62150501,"Accesorios, Equipos,Insumos Y Utensilios",FALSE,account.data_account_type_expenses,l10n_co_xphera_chart_template_generic
co_puc_62150502,62150502,Materiales Para Adecuaciones,FALSE,account.data_account_type_expenses,l10n_co_xphera_chart_template_generic
co_puc_62151030,62151030,Para Restaurantes De Negocios Conjuntos,FALSE,account.data_account_type_expenses,l10n_co_xphera_chart_template_generic
co_puc_62151501,62151501,Insumos Y Varios Para Mataderos,FALSE,account.data_account_type_expenses,l10n_co_xphera_chart_template_generic
co_puc_62151502,62151502,"Equipos, Herramientas Y Accesorios",FALSE,account.data_account_type_expenses,l10n_co_xphera_chart_template_generic
co_puc_62151503,62151503,Materiales Y Otros Elementos Para Adecuación De Mataderos,FALSE,account.data_account_type_expenses,l10n_co_xphera_chart_template_generic
co_puc_62230501,62230501,Iva Descontable No Descontado (Mayor Costo),FALSE,account.data_account_type_expenses,l10n_co_xphera_chart_template_generic
co_puc_62230502,62230502,Ica Descontable No Descontado (Mayor Costo),FALSE,account.data_account_type_expenses,l10n_co_xphera_chart_template_generic
co_puc_62231030,62231030,Mayor Valor En Compras Por Ipuestos De Negocios Conjuntos,FALSE,account.data_account_type_expenses,l10n_co_xphera_chart_template_generic
co_puc_62250501,62250501,"Devoluciones, Rebajas Y Descuentos En Compras",FALSE,account.data_account_type_expenses,l10n_co_xphera_chart_template_generic
co_puc_62251030,62251030,"Devol., Rebajas Y Descuentos En Compras (Cr) En Neg. Conjuntos",FALSE,account.data_account_type_expenses,l10n_co_xphera_chart_template_generic
co_puc_72050502,72050502,Contrato De Obra,FALSE,account.data_account_type_expenses,l10n_co_xphera_chart_template_generic
co_puc_72400601,72400601,Sueldos,FALSE,account.data_account_type_expenses,l10n_co_xphera_chart_template_generic
co_puc_72400630,72400630,Sueldos En Negocios Conjuntos,FALSE,account.data_account_type_expenses,l10n_co_xphera_chart_template_generic
co_puc_72401501,72401501,Horas Extras Y Recargos ,FALSE,account.data_account_type_expenses,l10n_co_xphera_chart_template_generic
co_puc_72401530,72401530,Horas Extras Y Recargos En Negocios Conjuntos,FALSE,account.data_account_type_expenses,l10n_co_xphera_chart_template_generic
co_puc_72402101,72402101,Viaticos,FALSE,account.data_account_type_expenses,l10n_co_xphera_chart_template_generic
co_puc_72402130,72402130,Viaticos En Negocios Conjuntos,FALSE,account.data_account_type_expenses,l10n_co_xphera_chart_template_generic
co_puc_72402401,72402401,Incapacidades,FALSE,account.data_account_type_expenses,l10n_co_xphera_chart_template_generic
co_puc_72402430,72402430,Incapacidades En Negocios Conjuntos,FALSE,account.data_account_type_expenses,l10n_co_xphera_chart_template_generic
co_puc_72402701,72402701,Auxilio De Transporte ,FALSE,account.data_account_type_expenses,l10n_co_xphera_chart_template_generic
co_puc_72402730,72402730,Auxilio De Transporte En Negocios Conjuntos,FALSE,account.data_account_type_expenses,l10n_co_xphera_chart_template_generic
co_puc_72403001,72403001,Cesantias ,FALSE,account.data_account_type_expenses,l10n_co_xphera_chart_template_generic
co_puc_72403030,72403030,Cesantias En Negocios Conjuntos ,FALSE,account.data_account_type_expenses,l10n_co_xphera_chart_template_generic
co_puc_72403301,72403301,Intereses Sobre Cesantias ,FALSE,account.data_account_type_expenses,l10n_co_xphera_chart_template_generic
co_puc_72403330,72403330,Intereses/Cesantias En Negocios Conjuntos ,FALSE,account.data_account_type_expenses,l10n_co_xphera_chart_template_generic
co_puc_72403601,72403601,Prima De Servicios ,FALSE,account.data_account_type_expenses,l10n_co_xphera_chart_template_generic
co_puc_72403630,72403630,Prima De Servicios En Negocios Conjuntos ,FALSE,account.data_account_type_expenses,l10n_co_xphera_chart_template_generic
co_puc_72403901,72403901,Vacaciones ,FALSE,account.data_account_type_expenses,l10n_co_xphera_chart_template_generic
co_puc_72403930,72403930,Vacaciones En Negocios Conjuntos ,FALSE,account.data_account_type_expenses,l10n_co_xphera_chart_template_generic
co_puc_72405101,72405101,Dotacion Y Suministro A Trabajadores,FALSE,account.data_account_type_expenses,l10n_co_xphera_chart_template_generic
co_puc_72406901,72406901,Aportes A E.P.S,FALSE,account.data_account_type_expenses,l10n_co_xphera_chart_template_generic
co_puc_72406930,72406930,Aportes A E.P.S En Negocios Conjuntos ,FALSE,account.data_account_type_expenses,l10n_co_xphera_chart_template_generic
co_puc_72407001,72407001,Aportes A Fondos De Pensiones Y/O Cesantias,FALSE,account.data_account_type_expenses,l10n_co_xphera_chart_template_generic
co_puc_72407030,72407030,Aportes A Fondos De Pensiones En Negocios Conjuntos ,FALSE,account.data_account_type_expenses,l10n_co_xphera_chart_template_generic
co_puc_72407201,72407201,Aportes Cajas De Compensacion Familiar,FALSE,account.data_account_type_expenses,l10n_co_xphera_chart_template_generic
co_puc_72407030,72407030,Aportes Cajas De Negocios Conjuntos,FALSE,account.data_account_type_expenses,l10n_co_xphera_chart_template_generic
co_puc_72407501,72407501,Aportes I.C.B.F.,FALSE,account.data_account_type_expenses,l10n_co_xphera_chart_template_generic
co_puc_72407530,72407530,Aportes I.C.B.F. En Negocios Conjuntos,FALSE,account.data_account_type_expenses,l10n_co_xphera_chart_template_generic
co_puc_72407801,72407801,Sena,FALSE,account.data_account_type_expenses,l10n_co_xphera_chart_template_generic
co_puc_72407830,72407830,Sena En Negocios Conjuntos,FALSE,account.data_account_type_expenses,l10n_co_xphera_chart_template_generic
co_puc_72408401,72408401,Gastos Medicos Y Drogas,FALSE,account.data_account_type_expenses,l10n_co_xphera_chart_template_generic
co_puc_72408430,72408430,Gastos Medicos Y Drogas En Negocios Conjuntos,FALSE,account.data_account_type_expenses,l10n_co_xphera_chart_template_generic
co_puc_73053505,73053505,Aseo Y Vigilancia,FALSE,account.data_account_type_expenses,l10n_co_xphera_chart_template_generic
co_puc_73053515,73053515,Asistencia Técnica,FALSE,account.data_account_type_expenses,l10n_co_xphera_chart_template_generic
co_puc_73053525,73053525,Acueducto Y Alcantarillado,FALSE,account.data_account_type_expenses,l10n_co_xphera_chart_template_generic
co_puc_73053530,73053530,Energia Eléctricas,FALSE,account.data_account_type_expenses,l10n_co_xphera_chart_template_generic
co_puc_73053550,73053550,"Transporte, Fletes Y Acarreos",FALSE,account.data_account_type_expenses,l10n_co_xphera_chart_template_generic
co_puc_73053555,73053555,Gas,FALSE,account.data_account_type_expenses,l10n_co_xphera_chart_template_generic
co_puc_73053595,73053595,Otros Servicios,FALSE,account.data_account_type_expenses,l10n_co_xphera_chart_template_generic
co_puc_73054510,73054510,Construcciones Y Edificaciones,FALSE,account.data_account_type_expenses,l10n_co_xphera_chart_template_generic
co_puc_73054515,73054515,Maquinaria Y Equipo,FALSE,account.data_account_type_expenses,l10n_co_xphera_chart_template_generic
co_puc_73055005,73055005,Instalaciones Electricas,FALSE,account.data_account_type_expenses,l10n_co_xphera_chart_template_generic
co_puc_73055015,73055015,Reparaciones Locativas,FALSE,account.data_account_type_expenses,l10n_co_xphera_chart_template_generic
co_puc_73102501,73102501,Asesoria Juridica,FALSE,account.data_account_type_expenses,l10n_co_xphera_chart_template_generic
co_puc_73103501,73103501,Asesoria Tecnica,FALSE,account.data_account_type_expenses,l10n_co_xphera_chart_template_generic
co_puc_73104001,73104001,Honorarios De Negocios Conjuntos,FALSE,account.data_account_type_expenses,l10n_co_xphera_chart_template_generic
co_puc_73109501,73109501,Otros,FALSE,account.data_account_type_expenses,l10n_co_xphera_chart_template_generic
co_puc_73150501,73150501,Industria Y Comercio,FALSE,account.data_account_type_expenses,l10n_co_xphera_chart_template_generic
co_puc_73150530,73150530,Industria Y Comercio De Negocios Conjuntos,FALSE,account.data_account_type_expenses,l10n_co_xphera_chart_template_generic
co_puc_73151501,73151501,Impuesto Predial,FALSE,account.data_account_type_expenses,l10n_co_xphera_chart_template_generic
co_puc_73154001,73154001,De Vehiculos ,FALSE,account.data_account_type_expenses,l10n_co_xphera_chart_template_generic
co_puc_73159501,73159501,Estampillas,FALSE,account.data_account_type_expenses,l10n_co_xphera_chart_template_generic
co_puc_73159502,73159502,Tasa Bomberil,FALSE,account.data_account_type_expenses,l10n_co_xphera_chart_template_generic
co_puc_73159503,73159503,Otros Impuestos- 8% Impoconsumo,FALSE,account.data_account_type_expenses,l10n_co_xphera_chart_template_generic
co_puc_73159530,73159530,Otros Impuestos De Negocios Conjuntos,FALSE,account.data_account_type_expenses,l10n_co_xphera_chart_template_generic
co_puc_73201001,73201001,Construcciones Y Edificaciones,FALSE,account.data_account_type_expenses,l10n_co_xphera_chart_template_generic
co_puc_73204001,73204001,Arrendamiento Vehiculos,FALSE,account.data_account_type_expenses,l10n_co_xphera_chart_template_generic
co_puc_73207501,73207501,Arrendamientos En Negocios Conjuntos,FALSE,account.data_account_type_expenses,l10n_co_xphera_chart_template_generic
co_puc_73301005,73301005,Cumplimiento ,FALSE,account.data_account_type_expenses,l10n_co_xphera_chart_template_generic
co_puc_73301330,73301330,Cumplimiento En Negocios Conjuntos,FALSE,account.data_account_type_expenses,l10n_co_xphera_chart_template_generic
co_puc_73302501,73302501,Incendio,FALSE,account.data_account_type_expenses,l10n_co_xphera_chart_template_generic
co_puc_73304001,73304001,Flota Y Equipo De Transporte ,FALSE,account.data_account_type_expenses,l10n_co_xphera_chart_template_generic
co_puc_73306001,73306001,Responsabilidad Civil Y Extracontractual ,FALSE,account.data_account_type_expenses,l10n_co_xphera_chart_template_generic
co_puc_73306330,73306330,Resp. Civil Y Extracontractual  En Negocios Conjuntos,FALSE,account.data_account_type_expenses,l10n_co_xphera_chart_template_generic
co_puc_73309501,73309501,Otros Seguros,FALSE,account.data_account_type_expenses,l10n_co_xphera_chart_template_generic
co_puc_73350501,73350501,Aseo Y Vigilancia ,FALSE,account.data_account_type_expenses,l10n_co_xphera_chart_template_generic
co_puc_73351001,73351001,Temporales ,FALSE,account.data_account_type_expenses,l10n_co_xphera_chart_template_generic
co_puc_73351501,73351501,Asistencia Tecnica ,FALSE,account.data_account_type_expenses,l10n_co_xphera_chart_template_generic
co_puc_73352001,73352001,Procesamiento Electronico De Datos ,FALSE,account.data_account_type_expenses,l10n_co_xphera_chart_template_generic
co_puc_73352501,73352501,Acueducto Y Alcantarillado ,FALSE,account.data_account_type_expenses,l10n_co_xphera_chart_template_generic
co_puc_73353001,73353001,Energia Electrica ,FALSE,account.data_account_type_expenses,l10n_co_xphera_chart_template_generic
co_puc_73353501,73353501,Telefono ,FALSE,account.data_account_type_expenses,l10n_co_xphera_chart_template_generic
co_puc_73354001,73354001,"Correo, Portes Y Telegramas ",FALSE,account.data_account_type_expenses,l10n_co_xphera_chart_template_generic
co_puc_73354501,73354501,Fax Y Telex ,FALSE,account.data_account_type_expenses,l10n_co_xphera_chart_template_generic
co_puc_73355001,73355001,"Transporte, Fletes Y Acarreos ",FALSE,account.data_account_type_expenses,l10n_co_xphera_chart_template_generic
co_puc_73355501,73355501,Gas ,FALSE,account.data_account_type_expenses,l10n_co_xphera_chart_template_generic
co_puc_73356001,73356001,Manipulacion Alimentos,FALSE,account.data_account_type_expenses,l10n_co_xphera_chart_template_generic
co_puc_73356501,73356501,Servicios Rancheros,FALSE,account.data_account_type_expenses,l10n_co_xphera_chart_template_generic
co_puc_73357030,73357030,Servicios En Negocios Conjuntos,FALSE,account.data_account_type_expenses,l10n_co_xphera_chart_template_generic
co_puc_73359501,73359501,Otros ,FALSE,account.data_account_type_expenses,l10n_co_xphera_chart_template_generic
co_puc_73400501,73400501,Notariales ,FALSE,account.data_account_type_expenses,l10n_co_xphera_chart_template_generic
co_puc_73401001,73401001,Registro Mercantil ,FALSE,account.data_account_type_expenses,l10n_co_xphera_chart_template_generic
co_puc_73401501,73401501,Tramites Y Licencias ,FALSE,account.data_account_type_expenses,l10n_co_xphera_chart_template_generic
co_puc_73403530,73403530,Gastos Legales En Negocios Conjuntos,FALSE,account.data_account_type_expenses,l10n_co_xphera_chart_template_generic
co_puc_73409501,73409501,Otros,FALSE,account.data_account_type_expenses,l10n_co_xphera_chart_template_generic
co_puc_73451001,73451001,Construcciones Y Edificaciones,FALSE,account.data_account_type_expenses,l10n_co_xphera_chart_template_generic
co_puc_73451501,73451501,Maquina Y Equipo,FALSE,account.data_account_type_expenses,l10n_co_xphera_chart_template_generic
co_puc_73452001,73452001,Equipo De Oficina ,FALSE,account.data_account_type_expenses,l10n_co_xphera_chart_template_generic
co_puc_73452501,73452501,Equipo De Computación Y Comunicación,FALSE,account.data_account_type_expenses,l10n_co_xphera_chart_template_generic
co_puc_73453501,73453501,Equipo De Hoteles Y Restaurantes ,FALSE,account.data_account_type_expenses,l10n_co_xphera_chart_template_generic
co_puc_73454001,73454001,Flota Y Equipo De Transporte,FALSE,account.data_account_type_expenses,l10n_co_xphera_chart_template_generic
co_puc_73458030,73458030,Mantenimiento Y Reparaciones En Negocios Conjuntos,FALSE,account.data_account_type_expenses,l10n_co_xphera_chart_template_generic
co_puc_73500501,73500501,Instalaciones Electricas,FALSE,account.data_account_type_expenses,l10n_co_xphera_chart_template_generic
co_puc_73501001,73501001,Arreglos Ornamentales ,FALSE,account.data_account_type_expenses,l10n_co_xphera_chart_template_generic
co_puc_73501501,73501501,Reparaciones Locativas ,FALSE,account.data_account_type_expenses,l10n_co_xphera_chart_template_generic
co_puc_73502001,73502001,Adecuaciones Oficina ,FALSE,account.data_account_type_expenses,l10n_co_xphera_chart_template_generic
co_puc_73503030,73503030,Adecuacion E Instalacion En Negocios Conjuntos,FALSE,account.data_account_type_expenses,l10n_co_xphera_chart_template_generic
co_puc_73550501,73550501,Alojamiento Y Manutención ,FALSE,account.data_account_type_expenses,l10n_co_xphera_chart_template_generic
co_puc_73551501,73551501,Pasajes Aereos ,FALSE,account.data_account_type_expenses,l10n_co_xphera_chart_template_generic
co_puc_73552001,73552001,Pasajes Terrestres ,FALSE,account.data_account_type_expenses,l10n_co_xphera_chart_template_generic
co_puc_73553001,73553001,Viaticos En General ,FALSE,account.data_account_type_expenses,l10n_co_xphera_chart_template_generic
co_puc_73553530,73553530,Gastos De Viaje En Negocios Conjuntos,FALSE,account.data_account_type_expenses,l10n_co_xphera_chart_template_generic
co_puc_73951001,73951001,"Libros, Suscripciones, Periodicos Y Revistas ",FALSE,account.data_account_type_expenses,l10n_co_xphera_chart_template_generic
co_puc_73952001,73952001,Gastos De Representación Y Relaciones Publicas,FALSE,account.data_account_type_expenses,l10n_co_xphera_chart_template_generic
co_puc_73952501,73952501,Elementos De Aseo Y Cafeteria ,FALSE,account.data_account_type_expenses,l10n_co_xphera_chart_template_generic
co_puc_73953001,73953001,"Utiles,Papeleria Y Fotocopias",FALSE,account.data_account_type_expenses,l10n_co_xphera_chart_template_generic
co_puc_73953501,73953501,Combustibles Y Lubricantes  ,FALSE,account.data_account_type_expenses,l10n_co_xphera_chart_template_generic
co_puc_73954501,73954501,Taxis Y Buses ,FALSE,account.data_account_type_expenses,l10n_co_xphera_chart_template_generic
co_puc_73955001,73955001,Estampillas ,FALSE,account.data_account_type_expenses,l10n_co_xphera_chart_template_generic
co_puc_73956001,73956001,Casino Y Restaurante ,FALSE,account.data_account_type_expenses,l10n_co_xphera_chart_template_generic
co_puc_73959501,73959501,Otros,FALSE,account.data_account_type_expenses,l10n_co_xphera_chart_template_generic
co_puc_73959830,73959830,Gastos Diversos En Negocios Conjuntos,FALSE,account.data_account_type_expenses,l10n_co_xphera_chart_template_generic
co_puc_41052001,41052001,Cultivos De Café,FALSE,account.data_account_type_revenue,l10n_co_xphera_chart_template_generic
co_puc_41054001,41054001,Cultivos De Café Banano,FALSE,account.data_account_type_revenue,l10n_co_xphera_chart_template_generic
co_puc_41054501,41054501,Otros Cultivos Agricolas,FALSE,account.data_account_type_revenue,l10n_co_xphera_chart_template_generic
co_puc_41055501,41055501,Cria De Ganado Caballar Y Vacuno. ,FALSE,account.data_account_type_revenue,l10n_co_xphera_chart_template_generic
co_puc_41056001,41056001,Produccion Avicola,FALSE,account.data_account_type_revenue,l10n_co_xphera_chart_template_generic
co_puc_41057001,41057001,Servicios Agricolas Y Ganaderos ,FALSE,account.data_account_type_revenue,l10n_co_xphera_chart_template_generic
co_puc_41350501,41350501,Venta De Viveres,FALSE,account.data_account_type_revenue,l10n_co_xphera_chart_template_generic
co_puc_41350502,41350502,Venta De Fruver,FALSE,account.data_account_type_revenue,l10n_co_xphera_chart_template_generic
co_puc_41350530,41350530,Mercancias En General De Negocios Conjuntos,FALSE,account.data_account_type_revenue,l10n_co_xphera_chart_template_generic
co_puc_41352201,41352201,Venta De Productos Agropecuarios ,FALSE,account.data_account_type_revenue,l10n_co_xphera_chart_template_generic
co_puc_41359501,41359501,Venta De Otros Productos ,FALSE,account.data_account_type_revenue,l10n_co_xphera_chart_template_generic
co_puc_41400501,41400501,Servicio De Alojamiento,FALSE,account.data_account_type_revenue,l10n_co_xphera_chart_template_generic
co_puc_41401501,41401501,Contratos Servicio De Alimentación,FALSE,account.data_account_type_revenue,l10n_co_xphera_chart_template_generic
co_puc_41401730,41401730,Contratos De Alimentacion En Negocios Conjuntos,FALSE,account.data_account_type_revenue,l10n_co_xphera_chart_template_generic
co_puc_41550501,41550501,Arrendamientos De Bienes Inmuebles ,FALSE,account.data_account_type_revenue,l10n_co_xphera_chart_template_generic
co_puc_41551501,41551501,Arriendo Equipo De Transporte ,FALSE,account.data_account_type_revenue,l10n_co_xphera_chart_template_generic
co_puc_41552001,41552001,Alquiler Maquinaria Y Equipo ,FALSE,account.data_account_type_revenue,l10n_co_xphera_chart_template_generic
co_puc_41707001,41707001,Servicio De Sacrificio De Ganado,FALSE,account.data_account_type_revenue,l10n_co_xphera_chart_template_generic
co_puc_41707015,41707015,Productos Derivados De Faenamiento,FALSE,account.data_account_type_revenue,l10n_co_xphera_chart_template_generic
co_puc_41708001,41708001,Actividad De Servicio De Aseo,FALSE,account.data_account_type_revenue,l10n_co_xphera_chart_template_generic
co_puc_41708030,41708030,Servicio De Aseo En Negocios Conjuntos,FALSE,account.data_account_type_revenue,l10n_co_xphera_chart_template_generic
co_puc_41750501,41750501,"Devoluciones, Rebajas Y Descuentos En Ventas (Db) ",FALSE,account.data_account_type_revenue,l10n_co_xphera_chart_template_generic
co_puc_42100501,42100501,Intereses Bancarios,FALSE,account.data_account_type_revenue,l10n_co_xphera_chart_template_generic
co_puc_42100502,42100502,Intereces Terceros,FALSE,account.data_account_type_revenue,l10n_co_xphera_chart_template_generic
co_puc_42100515,42100515,Intereses De Negocios Conjuntos,FALSE,account.data_account_type_revenue,l10n_co_xphera_chart_template_generic
co_puc_42503001,42503001,Descuentos Comerciales Concedidos,FALSE,account.data_account_type_revenue,l10n_co_xphera_chart_template_generic
co_puc_42503030,42503030,Descuentos Concedidos En Negocios Conjuntos,FALSE,account.data_account_type_revenue,l10n_co_xphera_chart_template_generic
co_puc_42504501,42504501,Recuperacion De Depreciacion,FALSE,account.data_account_type_revenue,l10n_co_xphera_chart_template_generic
co_puc_42505001,42505001,Reintegro De Otros Costos Y Gastos ,FALSE,account.data_account_type_revenue,l10n_co_xphera_chart_template_generic
co_puc_42505030,42505030,Otros Reintegros De Negocios Conjuntos,FALSE,account.data_account_type_revenue,l10n_co_xphera_chart_template_generic
co_puc_21051001,21051001,Créditos Bancarios,FALSE,account.data_account_type_current_liabilities,l10n_co_xphera_chart_template_generic
co_puc_21051002,21051002,Créditos Hipotecarios,FALSE,account.data_account_type_current_liabilities,l10n_co_xphera_chart_template_generic
co_puc_21051501,21051501,Créditos Rotativos,FALSE,account.data_account_type_current_liabilities,l10n_co_xphera_chart_template_generic
co_puc_21950501,21950501,Obligaciones Con Particulares,FALSE,account.data_account_type_current_liabilities,l10n_co_xphera_chart_template_generic
co_puc_21950502,21950502,Oblig. Particulares De Negocios Conjuntos,FALSE,account.data_account_type_current_liabilities,l10n_co_xphera_chart_template_generic
co_puc_23650501,23650501,Retencion Por Salarios,FALSE,account.data_account_type_current_liabilities,l10n_co_xphera_chart_template_generic
co_puc_23651501,23651501,Honorarios 10%,FALSE,account.data_account_type_current_liabilities,l10n_co_xphera_chart_template_generic
co_puc_23651502,23651502,Honorarios 11%,FALSE,account.data_account_type_current_liabilities,l10n_co_xphera_chart_template_generic
co_puc_23651510,23651510,Ret. Honorarios Negocios Conjuntos,FALSE,account.data_account_type_current_liabilities,l10n_co_xphera_chart_template_generic
co_puc_23652501,23652501,Servicios En General 6%,FALSE,account.data_account_type_current_liabilities,l10n_co_xphera_chart_template_generic
co_puc_23652502,23652502,Servicios En General 4%,FALSE,account.data_account_type_current_liabilities,l10n_co_xphera_chart_template_generic
co_puc_23652503,23652503,Sercivicios De Transporte De Carga 1%,FALSE,account.data_account_type_current_liabilities,l10n_co_xphera_chart_template_generic
co_puc_23652504,23652504,Servicio Transporte De Pasajeros Via Terrestre 3.5%,FALSE,account.data_account_type_current_liabilities,l10n_co_xphera_chart_template_generic
co_puc_23652505,23652505,Servicio Hospedaje 3.5,FALSE,account.data_account_type_current_liabilities,l10n_co_xphera_chart_template_generic
co_puc_23652506,23652506,Servicio De Restaurante 3.5%,FALSE,account.data_account_type_current_liabilities,l10n_co_xphera_chart_template_generic
co_puc_23652507,23652507,Confeccion De Obra Material En Bien Inmueble 2%,FALSE,account.data_account_type_current_liabilities,l10n_co_xphera_chart_template_generic
co_puc_23652508,23652508,Servicios Vigilancia Y Aseo (Sobre Aiu) 2%,FALSE,account.data_account_type_current_liabilities,l10n_co_xphera_chart_template_generic
co_puc_23652509,23652509,Servicio Integrales De Salud 2%,FALSE,account.data_account_type_current_liabilities,l10n_co_xphera_chart_template_generic
co_puc_23652510,23652510,Servicio De Licencia Y Software 3.5,FALSE,account.data_account_type_current_liabilities,l10n_co_xphera_chart_template_generic
co_puc_23652511,23652511,Servicios Temporales De Empleo 1%,FALSE,account.data_account_type_current_liabilities,l10n_co_xphera_chart_template_generic
co_puc_23652530,23652530,Retencion Servicios Negocios Conjuntos,FALSE,account.data_account_type_current_liabilities,l10n_co_xphera_chart_template_generic
co_puc_23653001,23653001,De Bienes Raices 3.5%,FALSE,account.data_account_type_current_liabilities,l10n_co_xphera_chart_template_generic
co_puc_23653002,23653002,De Bienes Raices 2.5%,FALSE,account.data_account_type_current_liabilities,l10n_co_xphera_chart_template_generic
co_puc_23653003,23653003,Arrendamiento De Bienes Muebles,FALSE,account.data_account_type_current_liabilities,l10n_co_xphera_chart_template_generic
co_puc_23653030,23653030,Retencion Arriendos Negocios Conjuntos,FALSE,account.data_account_type_current_liabilities,l10n_co_xphera_chart_template_generic
co_puc_23654001,23654001,Compras En General 3.5%,FALSE,account.data_account_type_current_liabilities,l10n_co_xphera_chart_template_generic
co_puc_23654002,23654002,De Productos Agropecuarios No Procesados 1.5%,FALSE,account.data_account_type_current_liabilities,l10n_co_xphera_chart_template_generic
co_puc_23654003,23654003,Compra De Combustibles 0.1%,FALSE,account.data_account_type_current_liabilities,l10n_co_xphera_chart_template_generic
co_puc_23654005,23654005,De Productos Agropecuarios Procesados 3.5%,FALSE,account.data_account_type_current_liabilities,l10n_co_xphera_chart_template_generic
co_puc_23654006,23654006,Compras En General 2.5%,FALSE,account.data_account_type_current_liabilities,l10n_co_xphera_chart_template_generic
co_puc_23656001,23656001,Retenciòn Compras Activos Fijos,FALSE,account.data_account_type_current_liabilities,l10n_co_xphera_chart_template_generic
co_puc_23670505,23670505,A Regimen Simplificado,FALSE,account.data_account_type_current_liabilities,l10n_co_xphera_chart_template_generic
co_puc_23670510,23670510,A Régimen Comun,FALSE,account.data_account_type_current_liabilities,l10n_co_xphera_chart_template_generic
co_puc_23671001,23671001,Rete Iva De Negocios Conjuntos,FALSE,account.data_account_type_current_liabilities,l10n_co_xphera_chart_template_generic
co_puc_23680501,23680501,Retencion Ica 1.38,FALSE,account.data_account_type_current_liabilities,l10n_co_xphera_chart_template_generic
co_puc_23680502,23680502,Retencion Ica 4.14,FALSE,account.data_account_type_current_liabilities,l10n_co_xphera_chart_template_generic
co_puc_23680503,23680503,Retencion Ica 0.7,FALSE,account.data_account_type_current_liabilities,l10n_co_xphera_chart_template_generic
co_puc_23680504,23680504,Retencion Ica 4.5,FALSE,account.data_account_type_current_liabilities,l10n_co_xphera_chart_template_generic
co_puc_23680505,23680505,Retencion Ica 6.9 X Mil,FALSE,account.data_account_type_current_liabilities,l10n_co_xphera_chart_template_generic
co_puc_23680506,23680506,Retencion Ica 11.04,FALSE,account.data_account_type_current_liabilities,l10n_co_xphera_chart_template_generic
co_puc_23680507,23680507,Retención Ica 9.66,FALSE,account.data_account_type_current_liabilities,l10n_co_xphera_chart_template_generic
co_puc_23680508,23680508,Retencion Ica 13.8 ,FALSE,account.data_account_type_current_liabilities,l10n_co_xphera_chart_template_generic
co_puc_23681001,23681001,Rete Ica De Negocios Conjuntos,FALSE,account.data_account_type_current_liabilities,l10n_co_xphera_chart_template_generic
co_puc_23690501,23690501,Autorretenciones Renta,FALSE,account.data_account_type_current_liabilities,l10n_co_xphera_chart_template_generic
co_puc_23700501,23700501,Aportes A  E.P.S.,FALSE,account.data_account_type_current_liabilities,l10n_co_xphera_chart_template_generic
co_puc_23700515,23700515,Aportes A  E.P.S. De Negocios Conjuntos,FALSE,account.data_account_type_current_liabilities,l10n_co_xphera_chart_template_generic
co_puc_23700601,23700601,Aportes A  A.R.L.,FALSE,account.data_account_type_current_liabilities,l10n_co_xphera_chart_template_generic
co_puc_23700615,23700615,Aportes A  A.R.L. De Negocios Conjuntos,FALSE,account.data_account_type_current_liabilities,l10n_co_xphera_chart_template_generic
co_puc_23701001,23701001,"Aportes Al I.C.B.F., Sena Y Cajas De Compensacion",FALSE,account.data_account_type_current_liabilities,l10n_co_xphera_chart_template_generic
co_puc_23701015,23701015,"Aportes Al Icbf,Sena Y Cajas De Negocios Conjuntos",FALSE,account.data_account_type_current_liabilities,l10n_co_xphera_chart_template_generic
co_puc_23803001,23803001,Fondos De Cesantias Y/O Pensiones,FALSE,account.data_account_type_current_liabilities,l10n_co_xphera_chart_template_generic
co_puc_23803015,23803015,Fondos Pensiones De Negocios Conjuntos,FALSE,account.data_account_type_current_liabilities,l10n_co_xphera_chart_template_generic
co_puc_24040501,24040501,Impuesto De Renta Por Pagar,FALSE,account.data_account_type_current_liabilities,l10n_co_xphera_chart_template_generic
co_puc_24040502,24040502,Sobretasa Impuesto De Renta,FALSE,account.data_account_type_current_liabilities,l10n_co_xphera_chart_template_generic
co_puc_24040503,24040503,Impuesto Cree,FALSE,account.data_account_type_current_liabilities,l10n_co_xphera_chart_template_generic
co_puc_24080501,24080501,Por Compras Tarifa General (19%),FALSE,account.data_account_type_current_liabilities,l10n_co_xphera_chart_template_generic
co_puc_24080502,24080502,Por Compras Tarifa Del 5%,FALSE,account.data_account_type_current_liabilities,l10n_co_xphera_chart_template_generic
co_puc_24080503,24080503,A La Tarifa Del 8%,FALSE,account.data_account_type_current_liabilities,l10n_co_xphera_chart_template_generic
co_puc_24080504,24080504,Por Servicios Tarifa General (19%),FALSE,account.data_account_type_current_liabilities,l10n_co_xphera_chart_template_generic
co_puc_24080505,24080505,Por Servicios Tarifa Del 5%,FALSE,account.data_account_type_current_liabilities,l10n_co_xphera_chart_template_generic
co_puc_24080530,24080530,Iva Descontable Participacion Negocios Conjuntos,FALSE,account.data_account_type_current_liabilities,l10n_co_xphera_chart_template_generic
co_puc_24081001,24081001,Iva Generado Ventas  Tarifa General (19%),FALSE,account.data_account_type_current_liabilities,l10n_co_xphera_chart_template_generic
co_puc_24081002,24081002,Iva Generado Ventas Tarifa Del 5%,FALSE,account.data_account_type_current_liabilities,l10n_co_xphera_chart_template_generic
co_puc_24081003,24081003,Por Servicios Tarifa General (19%),FALSE,account.data_account_type_current_liabilities,l10n_co_xphera_chart_template_generic
co_puc_24081004,24081004,Por Servicios Tarifa Del 5%,FALSE,account.data_account_type_current_liabilities,l10n_co_xphera_chart_template_generic
co_puc_24081010,24081010,Sobre A.I.U (Base Gravable Especial),FALSE,account.data_account_type_current_liabilities,l10n_co_xphera_chart_template_generic
co_puc_24081015,24081015,Iva Recuperado En Devoluciones En Compras,FALSE,account.data_account_type_current_liabilities,l10n_co_xphera_chart_template_generic
co_puc_24081030,24081030,Iva Generado Participación En Negocios Conjuntos,FALSE,account.data_account_type_current_liabilities,l10n_co_xphera_chart_template_generic
co_puc_24090501,24090501,Impuesto Al Consumo Tarifa Del 8%,FALSE,account.data_account_type_current_liabilities,l10n_co_xphera_chart_template_generic
co_puc_24090502,24090502,Impuesto Al Consumo Tarifa Del 4%,FALSE,account.data_account_type_current_liabilities,l10n_co_xphera_chart_template_generic
co_puc_24090530,24090530,Impoconsumo De Negocios Conjuntos,FALSE,account.data_account_type_current_liabilities,l10n_co_xphera_chart_template_generic
co_puc_24120501,24120501,Ica Por Pagar,FALSE,account.data_account_type_current_liabilities,l10n_co_xphera_chart_template_generic
co_puc_24120530,24120530,Ica De Participación En Negocios Conjuntos,FALSE,account.data_account_type_current_liabilities,l10n_co_xphera_chart_template_generic
co_puc_24160501,24160501,Impuesto Predial Unificado,FALSE,account.data_account_type_current_liabilities,l10n_co_xphera_chart_template_generic
co_puc_25050501,25050501,Sueldos Y Salarios Por Pagar,FALSE,account.data_account_type_current_liabilities,l10n_co_xphera_chart_template_generic
co_puc_25050502,25050502,Sueldos Y Salarios De Negocios Conjuntos,FALSE,account.data_account_type_current_liabilities,l10n_co_xphera_chart_template_generic
co_puc_25101001,25101001,Cesantias Consolidadas Por Pagar,FALSE,account.data_account_type_current_liabilities,l10n_co_xphera_chart_template_generic
co_puc_25101002,25101002,Cesantías De Participación En Negocios Conjuntos,FALSE,account.data_account_type_current_liabilities,l10n_co_xphera_chart_template_generic
co_puc_25150501,25150501,Intereses Sobre Cesantias Por Pagar,FALSE,account.data_account_type_current_liabilities,l10n_co_xphera_chart_template_generic
co_puc_25150502,25150502,Intereses/Cesantias De Negocios Conjuntos,FALSE,account.data_account_type_current_liabilities,l10n_co_xphera_chart_template_generic
co_puc_25200501,25200501,Prima De Servicios Por Pagar,FALSE,account.data_account_type_current_liabilities,l10n_co_xphera_chart_template_generic
co_puc_25200502,25200502,Prima De Servicios De Negocios Conjuntos,FALSE,account.data_account_type_current_liabilities,l10n_co_xphera_chart_template_generic
co_puc_25250501,25250501,Vacaciones Por Pagar,FALSE,account.data_account_type_current_liabilities,l10n_co_xphera_chart_template_generic
co_puc_25250502,25250502,Vacaciones De Negocios Conjuntos,FALSE,account.data_account_type_current_liabilities,l10n_co_xphera_chart_template_generic
co_puc_26100501,26100501,Cesantias Por Pagar ,FALSE,account.data_account_type_current_liabilities,l10n_co_xphera_chart_template_generic
co_puc_26100502,26100502,Cesantias De Negocios Conjuntos,FALSE,account.data_account_type_current_liabilities,l10n_co_xphera_chart_template_generic
co_puc_26101001,26101001,Intereses Sobre Cesantias Por Pagar,FALSE,account.data_account_type_current_liabilities,l10n_co_xphera_chart_template_generic
co_puc_26101002,26101002,Intereses/Cesantias De Negocios Conjuntos,FALSE,account.data_account_type_current_liabilities,l10n_co_xphera_chart_template_generic
co_puc_26101501,26101501,Vacaciones Por Pagar,FALSE,account.data_account_type_current_liabilities,l10n_co_xphera_chart_template_generic
co_puc_26101502,26101502,Vacaciones De Negocios Conjuntos,FALSE,account.data_account_type_current_liabilities,l10n_co_xphera_chart_template_generic
co_puc_26102001,26102001,Prima De Servicios Por Pagar,FALSE,account.data_account_type_current_liabilities,l10n_co_xphera_chart_template_generic
co_puc_26102002,26102002,Prima De Servicios De Negocios Conjuntos,FALSE,account.data_account_type_current_liabilities,l10n_co_xphera_chart_template_generic
co_puc_26150505,26150505,Para Impuesto De Renta,FALSE,account.data_account_type_current_liabilities,l10n_co_xphera_chart_template_generic
co_puc_26950501,26950501,Provisiones Diversas ,FALSE,account.data_account_type_current_liabilities,l10n_co_xphera_chart_template_generic
co_puc_27250101,27250101,Pasivo Por Impuesto Diferido,FALSE,account.data_account_type_current_liabilities,l10n_co_xphera_chart_template_generic
co_puc_27250102,27250102,Variacion De Renta De Periodos Anteriores,FALSE,account.data_account_type_current_liabilities,l10n_co_xphera_chart_template_generic
co_puc_27250103,27250103,Diferencias Temporarias Imponibles,FALSE,account.data_account_type_current_liabilities,l10n_co_xphera_chart_template_generic
co_puc_28050501,28050501,Anticipo De Clientes,FALSE,account.data_account_type_current_liabilities,l10n_co_xphera_chart_template_generic
co_puc_28102001,28102001,Depositos Para Garantia De Contratos ,FALSE,account.data_account_type_current_liabilities,l10n_co_xphera_chart_template_generic
co_puc_28200501,28200501,Otros Pasivos De Negocios Conjuntos,FALSE,account.data_account_type_current_liabilities,l10n_co_xphera_chart_template_generic
co_puc_28953001,28953001,Diversos De Negocios Conjuntos,FALSE,account.data_account_type_current_liabilities,l10n_co_xphera_chart_template_generic
co_puc_28953501,28953501,Cuenta Transitoria,FALSE,account.data_account_type_current_liabilities,l10n_co_xphera_chart_template_generic
co_puc_28959501,28959501,Otros Pasivos Diversos,FALSE,account.data_account_type_current_liabilities,l10n_co_xphera_chart_template_generic
co_puc_54051501,54051501,Ajuste Renta Periodos Anteriores,FALSE,account.data_account_type_current_liabilities,l10n_co_xphera_chart_template_generic
co_puc_13050505,13050505,Clientes Nacionales,TRUE,account.data_account_type_receivable,l10n_co_xphera_chart_template_generic
co_puc_13050510,13050510,Clientes  De Negocios Conjuntos,TRUE,account.data_account_type_receivable,l10n_co_xphera_chart_template_generic
co_puc_13102005,13102005,Particulares,TRUE,account.data_account_type_receivable,l10n_co_xphera_chart_template_generic
co_puc_13103005,13103005,Participacion En Negocios Conjuntos,TRUE,account.data_account_type_receivable,l10n_co_xphera_chart_template_generic
co_puc_13250505,13250505,A Accionistas,TRUE,account.data_account_type_receivable,l10n_co_xphera_chart_template_generic
co_puc_13300505,13300505,A Proveedores,TRUE,account.data_account_type_receivable,l10n_co_xphera_chart_template_generic
co_puc_13301005,13301005,A Contratistas,TRUE,account.data_account_type_receivable,l10n_co_xphera_chart_template_generic
co_puc_13301505,13301505,A Trabajadores,TRUE,account.data_account_type_receivable,l10n_co_xphera_chart_template_generic
co_puc_13303005,13303005,Adjudicacion Contratos,TRUE,account.data_account_type_receivable,l10n_co_xphera_chart_template_generic
co_puc_13305005,13305005,Anticipos Negocios Conjuntos,TRUE,account.data_account_type_receivable,l10n_co_xphera_chart_template_generic
co_puc_31050501,31050501,Capital Autorizado,FALSE,account.data_account_type_equity,l10n_co_xphera_chart_template_generic
co_puc_31051001,31051001,Capital Por Suscribir (Db) ,FALSE,account.data_account_type_equity,l10n_co_xphera_chart_template_generic
co_puc_31051501,31051501,Capital Suscrito Por Cobrar (Db) ,FALSE,account.data_account_type_equity,l10n_co_xphera_chart_template_generic
co_puc_31150501,31150501,Cuotas O Partes De Interes Social ,FALSE,account.data_account_type_equity,l10n_co_xphera_chart_template_generic
co_puc_31300501,31300501,Capital De Ppersonas Naturales ,FALSE,account.data_account_type_equity,l10n_co_xphera_chart_template_generic
co_puc_33050501,33050501,Reserva Legal,FALSE,account.data_account_type_equity,l10n_co_xphera_chart_template_generic
co_puc_34050501,34050501,De Capital Social,FALSE,account.data_account_type_equity,l10n_co_xphera_chart_template_generic
co_puc_36050501,36050501,Utilidad Del Ejercicio,FALSE,account.data_account_type_equity,l10n_co_xphera_chart_template_generic
co_puc_36100501,36100501,Perdida Del Ejercicio,FALSE,account.data_account_type_equity,l10n_co_xphera_chart_template_generic
co_puc_37050501,37050501,Utilidades Acumuladas,FALSE,account.data_account_type_equity,l10n_co_xphera_chart_template_generic
co_puc_37052001,37052001,Ajuste Por Adopcion Niif,FALSE,account.data_account_type_equity,l10n_co_xphera_chart_template_generic
co_puc_37100501,37100501,Perdidas Acumuladas,FALSE,account.data_account_type_equity,l10n_co_xphera_chart_template_generic
co_puc_37102001,37102001,Ajuste Por Adopcion Niif,FALSE,account.data_account_type_equity,l10n_co_xphera_chart_template_generic